id,info,flags,type,path,source,destination,tourist,trailing,wait
49,Sports-car (VehicleInfo),Created- Spawned,Vehicle,90695,0,0,1,0,0
63,Scooter (VehicleInfo),Created- Spawned,Vehicle,200315,0,0,1,0,0
77,Lorry (VehicleInfo),Created- Spawned- TransferToTarget- GoingBack- Exporting,Vehicle,180946,19402,0,0,0,0
110,Sports-car (VehicleInfo),Created- Spawned,Vehicle,218828,0,0,0,0,0
147,Bus (VehicleInfo),Created- Spawned- TransferToTarget,Vehicle,238617,45862,18538,0,0,0
180,Hatchback (VehicleInfo),Created- Spawned,Vehicle,242977,0,0,2,0,0
244,hotdog-van (VehicleInfo),Created- Spawned- TransferToTarget- GoingBack- Exporting,Vehicle,187502,3475,0,0,0,0
277,Hatchback (VehicleInfo),Created- Spawned,Vehicle,130767,0,0,1,0,0
287,Tractor (VehicleInfo),Created- Spawned- TransferToTarget- Importing,Vehicle,13128,8616,10146,0,15487,0
325,Lorry (VehicleInfo),Created- Spawned- TransferToTarget- Exporting,Vehicle,172835,44616,30157,0,0,0
359,Electric Car 02 (VehicleInfo),Created- Spawned,Vehicle,241866,0,0,1,0,0
384,Suv (VehicleInfo),Created- Spawned,Vehicle,115832,0,0,0,0,0
420,Electric Car 03 (VehicleInfo),Created- Spawned,Vehicle,136388,0,0,1,0,0
433,Bus (VehicleInfo),Created- Spawned- TransferToTarget,Vehicle,104115,45862,23497,0,0,0
481,Hatchback (VehicleInfo),Created- Spawned,Vehicle,220280,0,0,1,0,0
553,Sedan (VehicleInfo),Created- Spawned,Vehicle,180931,0,0,0,0,0
593,Tractor (VehicleInfo),Created- Spawned- TransferToTarget- Importing,Vehicle,220068,806,9975,0,2832,0
613,Camper Van 01 (VehicleInfo),Created- Spawned,Vehicle,191029,0,0,1,0,0
742,Lorry (VehicleInfo),Created- Spawned- TransferToTarget- Arriving- Exporting,Vehicle,175355,6648,30157,0,0,0
782,Hatchback (VehicleInfo),Created- Spawned,Vehicle,166678,0,0,1,0,0
784,Scooter (VehicleInfo),Created- Spawned,Vehicle,232298,0,0,0,0,0
792,Lorry (VehicleInfo),Created- Spawned- TransferToTarget- Exporting,Vehicle,46578,19636,735,0,0,0
802,Sports-car (VehicleInfo),Created- Spawned,Vehicle,170405,0,0,1,0,0
807,Sedan (VehicleInfo),Created- Spawned,Vehicle,867,0,0,1,0,0
826,Scooter (VehicleInfo),Created- Spawned,Vehicle,184158,0,0,1,0,0
857,Bus (VehicleInfo),Created- Spawned- TransferToTarget,Vehicle,39921,45862,18538,0,0,0
859,Scooter (VehicleInfo),Created- Spawned,Vehicle,175265,0,0,2,0,0
863,Suv (VehicleInfo),Created- Spawned,Vehicle,254941,0,0,2,15394,0
875,Suv (VehicleInfo),Created- Spawned,Vehicle,136803,0,0,1,0,0
886,Sedan (VehicleInfo),Created- Spawned,Vehicle,78845,0,0,1,0,0
889,Sports-car (VehicleInfo),Created- Spawned,Vehicle,189792,0,0,1,0,0
900,Bugspray Van (VehicleInfo),Created- Spawned- TransferToTarget- Exporting,Vehicle,202208,580,735,0,0,0
905,Oil Truck (VehicleInfo),Created- Spawned- TransferToTarget- Importing,Vehicle,252982,8616,15039,0,9747,0
928,Sedan (VehicleInfo),Created- Spawned,Vehicle,157920,0,0,1,0,0
931,Hatchback (VehicleInfo),Created- Spawned,Vehicle,110620,0,0,0,0,0
981,Hatchback (VehicleInfo),Created- Spawned,Vehicle,37895,0,0,1,0,0
987,Bus (VehicleInfo),Created- Spawned- TransferToTarget,Vehicle,152222,45862,23495,0,0,0
1000,Station-wagon (VehicleInfo),Created- Spawned,Vehicle,241061,0,0,0,0,0
1033,Sports-car (VehicleInfo),Created- Spawned,Vehicle,91462,0,0,1,0,0
1063,Scooter (VehicleInfo),Created- Spawned,Vehicle,208179,0,0,0,0,0
1066,Sports-car (VehicleInfo),Created- Spawned,Vehicle,12828,0,0,0,0,0
1070,Hatchback (VehicleInfo),Created- Spawned,Vehicle,258994,0,0,2,3391,0
1098,Forestry Truck (VehicleInfo),Created- Spawned- TransferToTarget- Importing- Exporting,Vehicle,125116,24075,735,0,8987,0
1115,Bus (VehicleInfo),Created- Spawned- TransferToTarget,Vehicle,222062,45862,16308,0,0,0
1130,Camper Trailer 01 (VehicleInfo),Created- Spawned,Vehicle,0,0,0,0,0,0
1144,Station-wagon (VehicleInfo),Created- Spawned,Vehicle,158842,0,0,1,0,0
1173,Bus (VehicleInfo),Created- Spawned- TransferToTarget,Vehicle,238040,45862,22124,0,0,0
1196,Donut Van (VehicleInfo),Created- Spawned- TransferToTarget- Exporting,Vehicle,149146,23415,30157,0,0,0
1203,Sedan (VehicleInfo),Created- Spawned,Vehicle,180491,0,0,0,0,0
1215,Station-wagon (VehicleInfo),Created- Spawned,Vehicle,59260,0,0,1,0,0
1226,Bus (VehicleInfo),Created- Spawned- TransferToTarget- Arriving,Vehicle,0,45862,16308,0,0,0
1255,Suv (VehicleInfo),Created- Spawned,Vehicle,133194,0,0,2,0,0
1257,Hatchback (VehicleInfo),Created- Spawned,Vehicle,256578,0,0,1,0,0
1284,Camper Van 01 (VehicleInfo),Created- Spawned,Vehicle,36979,0,0,2,0,0
1306,Suv (VehicleInfo),Created- Spawned,Vehicle,47122,0,0,0,0,0
1320,Station-wagon (VehicleInfo),Created- Spawned,Vehicle,76067,0,0,1,0,0
1384,Bugspray Van (VehicleInfo),Created- Spawned- TransferToTarget- Exporting,Vehicle,153533,10146,30157,0,0,0
1386,Station-wagon (VehicleInfo),Created- Spawned,Vehicle,32649,0,0,1,0,0
1388,Forestry Truck (VehicleInfo),Created- Spawned- TransferToTarget- GoingBack- Importing- Exporting,Vehicle,54022,30157,0,0,5945,0
1408,Bus (VehicleInfo),Created- Spawned- TransferToTarget,Vehicle,175943,45862,23505,0,0,0
1427,Camper Van 02 (VehicleInfo),Created- Spawned,Vehicle,165795,0,0,3,0,0
1436,Suv (VehicleInfo),Created- Spawned,Vehicle,148214,0,0,1,0,0
1544,hotdog-van (VehicleInfo),Created- Spawned- TransferToTarget- Exporting,Vehicle,106118,25710,30157,0,0,0
1612,Sedan (VehicleInfo),Created- Spawned,Vehicle,251848,0,0,0,0,0
1618,Camper Van 03 (VehicleInfo),Created- Spawned,Vehicle,114690,0,0,1,0,0
1685,Electric Car 02 (VehicleInfo),Created- Spawned,Vehicle,18764,0,0,1,0,0
1686,Bus (VehicleInfo),Created- Spawned- TransferToTarget,Vehicle,106918,45862,23495,0,0,0
1727,Hatchback (VehicleInfo),Created- Spawned,Vehicle,207867,0,0,0,0,0
1749,Tractor (VehicleInfo),Created- Spawned- TransferToTarget- Importing,Vehicle,75735,8616,35192,0,16286,0
1756,Sedan (VehicleInfo),Created- Spawned,Vehicle,179514,0,0,0,0,0
1760,Station-wagon (VehicleInfo),Created- Spawned,Vehicle,48200,0,0,0,0,0
1810,Station-wagon (VehicleInfo),Created- Spawned,Vehicle,74192,0,0,1,0,0
1833,Bus (VehicleInfo),Created- Spawned- TransferToTarget,Vehicle,225363,45862,23495,0,0,0
1859,Camper Van 01 (VehicleInfo),Created- Spawned,Vehicle,99546,0,0,1,0,0
1865,Van (VehicleInfo),Created- Spawned- TransferToTarget- GoingBack- Exporting,Vehicle,27920,45992,0,0,0,0
1867,Station-wagon (VehicleInfo),Created- Spawned,Vehicle,80471,0,0,0,0,0
1871,Suv (VehicleInfo),Created- Spawned,Vehicle,260749,0,0,0,0,0
1879,Electric Car 03 (VehicleInfo),Created- Spawned,Vehicle,123242,0,0,1,0,0
1980,hotdog-van (VehicleInfo),Created- Spawned- TransferToTarget- Exporting,Vehicle,204172,44616,24075,0,0,0
2000,Suv (VehicleInfo),Created- Spawned,Vehicle,65267,0,0,0,0,0
2002,Electric Car 01 (VehicleInfo),Created- Spawned,Vehicle,203406,0,0,1,0,0
2030,Bugspray Van (VehicleInfo),Created- Spawned- TransferToTarget- GoingBack- Exporting,Vehicle,169131,43523,0,0,0,0
2083,Station-wagon (VehicleInfo),Created- Spawned,Vehicle,255363,0,0,3,0,0
2118,Police Car (VehicleInfo),Created- Spawned- TransferToSource,Vehicle,133511,45823,11270,0,0,0
2125,Scooter (VehicleInfo),Created- Spawned,Vehicle,72616,0,0,0,0,0
2137,Tractor (VehicleInfo),Created- Spawned- TransferToTarget- GoingBack- Importing- Exporting,Vehicle,15248,24075,0,0,12492,0
2160,Police Car (VehicleInfo),Created- Spawned- TransferToSource- Emergency2- Arriving,Vehicle,0,45823,40287,0,0,0
2168,Van (VehicleInfo),Created- Spawned- TransferToTarget- GoingBack- Exporting,Vehicle,196744,35192,0,0,0,0
2204,Suv (VehicleInfo),Created- Spawned,Vehicle,119541,0,0,1,15855,0
2219,Oil Truck (VehicleInfo),Created- Spawned- TransferToTarget- GoingBack- Importing- Exporting,Vehicle,171208,30157,0,0,16091,0
2230,Station-wagon (VehicleInfo),Created- Spawned,Vehicle,99387,0,0,2,0,0
2248,Hatchback (VehicleInfo),Created- Spawned,Vehicle,125710,0,0,0,0,0
2254,Bugspray Van (VehicleInfo),Created- Spawned- TransferToTarget- Exporting,Vehicle,69596,23415,24075,0,0,0
2305,Sports-car (VehicleInfo),Created- Spawned,Vehicle,86667,0,0,1,0,0
2352,hotdog-van (VehicleInfo),Created- Spawned- TransferToTarget- GoingBack- Exporting,Vehicle,100735,16855,0,0,0,0
2365,Sedan (VehicleInfo),Created- Spawned,Vehicle,182113,0,0,0,0,0
2372,Scooter (VehicleInfo),Created- Spawned,Vehicle,101720,0,0,0,0,0
2373,Sports-car (VehicleInfo),Created- Spawned,Vehicle,111114,0,0,2,0,0
2397,Camper Van 02 (VehicleInfo),Created- Spawned,Vehicle,235451,0,0,1,0,0
2426,Sedan (VehicleInfo),Created- Spawned,Vehicle,53148,0,0,0,0,0
2478,Station-wagon (VehicleInfo),Created- Spawned,Vehicle,154199,0,0,3,0,0
2510,Garbage Truck (VehicleInfo),Created- Spawned- TransferToSource,Vehicle,254848,10320,45292,0,0,0
2566,Tractor (VehicleInfo),Created- Spawned- TransferToTarget- GoingBack- Importing- Exporting,Vehicle,260756,30157,0,0,6610,0
2584,Sedan (VehicleInfo),Created- Spawned,Vehicle,221336,0,0,1,0,0
2623,Station-wagon (VehicleInfo),Created- Spawned,Vehicle,238823,0,0,1,0,0
2635,Suv (VehicleInfo),Created- Spawned,Vehicle,139020,0,0,0,0,0
2642,Electric Car 01 (VehicleInfo),Created- Spawned,Vehicle,174814,0,0,1,0,0
2646,hotdog-van (VehicleInfo),Created- Spawned- TransferToTarget- Exporting,Vehicle,146069,18891,735,0,0,0
2660,Scooter (VehicleInfo),Created- Spawned,Vehicle,136969,0,0,0,0,0
2662,Scooter (VehicleInfo),Created- Spawned,Vehicle,96409,0,0,0,0,0
2679,Camper Trailer 02 (VehicleInfo),Created- Spawned,Vehicle,0,0,0,0,0,0
2692,Scooter (VehicleInfo),Created- Spawned,Vehicle,107727,0,0,1,0,0
2694,Donut Van (VehicleInfo),Created- Spawned- TransferToTarget- GoingBack- Exporting,Vehicle,177529,3475,0,0,0,0
2697,Van (VehicleInfo),Created- Spawned- TransferToTarget- Exporting,Vehicle,106382,32775,30157,0,0,0
2698,Hatchback (VehicleInfo),Created- Spawned,Vehicle,110446,0,0,1,0,0
2700,Sedan (VehicleInfo),Created- Spawned,Vehicle,61763,0,0,1,0,0
2729,Electric Car 04 (VehicleInfo),Created- Spawned,Vehicle,101209,0,0,0,0,0
2743,Scooter (VehicleInfo),Created- Spawned,Vehicle,208107,0,0,0,0,0
2775,Scooter (VehicleInfo),Created- Spawned,Vehicle,162076,0,0,0,0,0
2792,Sports-car (VehicleInfo),Created- Spawned,Vehicle,204608,0,0,2,0,0
2801,Camper Van 02 (VehicleInfo),Created- Spawned,Vehicle,45874,0,0,1,0,0
2811,Hatchback (VehicleInfo),Created- Spawned,Vehicle,78682,0,0,2,0,0
2850,Sedan (VehicleInfo),Created- Spawned,Vehicle,250208,0,0,0,0,0
2912,Suv (VehicleInfo),Created- Spawned,Vehicle,95981,0,0,2,0,0
2915,Sports-car (VehicleInfo),Created- Spawned,Vehicle,169214,0,0,1,0,0
2929,Van (VehicleInfo),Created- Spawned- TransferToTarget- GoingBack- Exporting,Vehicle,29600,6648,0,0,0,0
2955,Suv (VehicleInfo),Created- Spawned,Vehicle,224525,0,0,0,0,0
2993,Tractor (VehicleInfo),Created- Spawned- TransferToTarget- GoingBack- Importing- Exporting,Vehicle,79564,30157,0,0,2762,0
3020,Station-wagon (VehicleInfo),Created- Spawned,Vehicle,251185,0,0,0,0,0
3086,Sedan (VehicleInfo),Created- Spawned,Vehicle,119849,0,0,0,0,0
3098,Forestry Truck (VehicleInfo),Created- Spawned- TransferToTarget- GoingBack- Importing- Exporting,Vehicle,227197,735,0,0,11495,0
3117,hotdog-van (VehicleInfo),Created- Spawned- TransferToTarget,Vehicle,43147,16862,6894,0,0,0
3173,Sedan (VehicleInfo),Created- Spawned,Vehicle,26597,0,0,2,0,0
3201,Suv (VehicleInfo),Created- Spawned,Vehicle,138839,0,0,0,0,0
3261,Station-wagon (VehicleInfo),Created- Spawned,Vehicle,9413,0,0,0,0,0
3316,hotdog-van (VehicleInfo),Created- Spawned- TransferToTarget- GoingBack- Exporting,Vehicle,119902,10146,0,0,0,0
3319,Sedan (VehicleInfo),Created- Spawned,Vehicle,197826,0,0,1,0,0
3358,Sedan (VehicleInfo),Created- Spawned,Vehicle,193553,0,0,1,0,0
3391,Camper Trailer 02 (VehicleInfo),Created- Spawned,Vehicle,0,0,0,0,0,0
3420,Suv (VehicleInfo),Created- Spawned,Vehicle,240161,0,0,3,0,0
3421,Sedan (VehicleInfo),Created- Spawned,Vehicle,112589,0,0,0,0,0
3445,Scooter (VehicleInfo),Created- Spawned,Vehicle,231239,0,0,0,0,0
3465,Scooter (VehicleInfo),Created- Spawned,Vehicle,257501,0,0,3,0,0
3512,Electric Car 03 (VehicleInfo),Created- Spawned,Vehicle,205112,0,0,3,0,0
3514,Electric Car 03 (VehicleInfo),Created- Spawned,Vehicle,227083,0,0,0,0,0
3546,Lorry (VehicleInfo),Created- Spawned- TransferToTarget- GoingBack- Exporting,Vehicle,125435,29457,0,0,0,0
3575,Scooter (VehicleInfo),Created- Spawned,Vehicle,70412,0,0,0,0,0
3587,Suv (VehicleInfo),Created- Spawned,Vehicle,112093,0,0,2,13319,0
3601,Hatchback (VehicleInfo),Created- Spawned,Vehicle,15625,0,0,1,0,0
3610,Station-wagon (VehicleInfo),Created- Spawned,Vehicle,9100,0,0,1,0,0
3615,Station-wagon (VehicleInfo),Created- Spawned,Vehicle,225379,0,0,2,0,0
3649,Hatchback (VehicleInfo),Created- Spawned,Vehicle,139694,0,0,0,0,0
3655,Van (VehicleInfo),Created- Spawned- TransferToTarget- Exporting,Vehicle,116122,38136,735,0,0,0
3777,Station-wagon (VehicleInfo),Created- Spawned,Vehicle,249082,0,0,1,0,0
3791,Scooter (VehicleInfo),Created- Spawned,Vehicle,227580,0,0,0,0,0
3832,Electric Car 04 (VehicleInfo),Created- Spawned,Vehicle,188701,0,0,1,0,0
3840,Scooter (VehicleInfo),Created- Spawned,Vehicle,91196,0,0,0,0,0
3897,Tractor (VehicleInfo),Created- Spawned- TransferToTarget- GoingBack- Importing- Exporting,Vehicle,185915,30157,0,0,8631,0
3902,Hatchback (VehicleInfo),Created- Spawned,Vehicle,152271,0,0,1,0,0
3910,Sedan (VehicleInfo),Created- Spawned,Vehicle,160921,0,0,0,0,0
3915,Station-wagon (VehicleInfo),Created- Spawned,Vehicle,132013,0,0,1,0,0
3916,Scooter (VehicleInfo),Created- Spawned,Vehicle,126902,0,0,0,0,0
3922,Hatchback (VehicleInfo),Created- Spawned,Vehicle,61999,0,0,0,0,0
3923,Electric Car 01 (VehicleInfo),Created- Spawned,Vehicle,253634,0,0,1,0,0
3928,Camper Van 02 (VehicleInfo),Created- Spawned,Vehicle,236562,0,0,1,0,0
3957,Hatchback (VehicleInfo),Created- Spawned,Vehicle,103563,0,0,1,13765,0
3960,Hatchback (VehicleInfo),Created- Spawned- Arriving,Vehicle,0,0,0,0,0,0
3988,Hatchback (VehicleInfo),Created- Spawned,Vehicle,133362,0,0,0,0,0
3998,Station-wagon (VehicleInfo),Created- Spawned,Vehicle,71801,0,0,1,0,0
4057,hotdog-van (VehicleInfo),Created- Spawned- TransferToTarget- GoingBack- Exporting,Vehicle,246133,27866,0,0,0,0
4077,Sports-car (VehicleInfo),Created- Spawned,Vehicle,48945,0,0,0,0,0
4142,Hatchback (VehicleInfo),Created- Spawned,Vehicle,170971,0,0,1,0,0
4157,Scooter (VehicleInfo),Created- Spawned,Vehicle,249226,0,0,0,0,0
4186,Hatchback (VehicleInfo),Created- Spawned,Vehicle,33820,0,0,1,0,0
4210,Sports-car (VehicleInfo),Created- Spawned,Vehicle,173422,0,0,0,0,0
4212,Sedan (VehicleInfo),Created- Spawned,Vehicle,92890,0,0,0,0,0
4241,Sedan (VehicleInfo),Created- Spawned,Vehicle,215218,0,0,1,0,0
4244,Camper Van 02 (VehicleInfo),Created- Spawned,Vehicle,73126,0,0,2,0,0
4265,Electric Car 04 (VehicleInfo),Created- Spawned,Vehicle,222832,0,0,2,0,0
4295,Bus (VehicleInfo),Created- Spawned- TransferToTarget- Stopped,Vehicle,76704,45862,23498,0,0,7
4319,Suv (VehicleInfo),Created- Spawned,Vehicle,255935,0,0,0,0,0
4331,Sports-car (VehicleInfo),Created- Spawned,Vehicle,62834,0,0,1,0,0
4357,Scooter (VehicleInfo),Created- Spawned,Vehicle,239058,0,0,1,0,0
4371,hotdog-van (VehicleInfo),Created- Spawned- TransferToTarget- GoingBack- Exporting,Vehicle,1797,25710,0,0,0,0
4397,Bus (VehicleInfo),Created- Spawned- TransferToTarget,Vehicle,32281,45862,23495,0,0,0
4414,Van (VehicleInfo),Created- Spawned- TransferToTarget- Exporting,Vehicle,229797,26315,30157,0,0,0
4458,Camper Van 01 (VehicleInfo),Created- Spawned,Vehicle,22270,0,0,1,0,0
4459,Sports-car (VehicleInfo),Created- Spawned,Vehicle,48945,0,0,0,0,0
4512,Donut Van (VehicleInfo),Created- Spawned- TransferToTarget- GoingBack- Exporting,Vehicle,62613,12975,0,0,0,0
4529,Sports-car (VehicleInfo),Created- Spawned,Vehicle,199816,0,0,1,0,0
4531,Camper Van 03 (VehicleInfo),Created- Spawned,Vehicle,61891,0,0,1,0,0
4690,Sports-car (VehicleInfo),Created- Spawned,Vehicle,249700,0,0,1,0,0
4697,Camper Trailer 02 (VehicleInfo),Created- Spawned,Vehicle,0,0,0,0,0,0
4723,Bus (VehicleInfo),Created- Spawned- TransferToTarget,Vehicle,148439,45862,23505,0,0,0
4733,Scooter (VehicleInfo),Created- Spawned,Vehicle,190312,0,0,0,0,0
4761,Suv (VehicleInfo),Created- Spawned,Vehicle,129842,0,0,2,0,0
4774,Camper Trailer 01 (VehicleInfo),Created- Spawned,Vehicle,0,0,0,0,0,0
4798,Sedan (VehicleInfo),Created- Spawned,Vehicle,248198,0,0,2,0,0
4804,Hatchback (VehicleInfo),Created- Spawned,Vehicle,46614,0,0,3,0,0
4830,Sports-car (VehicleInfo),Created- Spawned,Vehicle,103648,0,0,2,0,0
4833,Station-wagon (VehicleInfo),Created- Spawned,Vehicle,41895,0,0,0,0,0
4840,Camper Van 02 (VehicleInfo),Created- Spawned,Vehicle,150609,0,0,2,0,0
4850,Bus (VehicleInfo),Created- Spawned- TransferToTarget,Vehicle,200990,45862,23507,0,0,0
4859,Scooter (VehicleInfo),Created- Spawned,Vehicle,13493,0,0,1,5401,0
4922,Camper Van 03 (VehicleInfo),Created- Spawned,Vehicle,160306,0,0,1,0,0
4996,Station-wagon (VehicleInfo),Created- Spawned,Vehicle,185630,0,0,1,0,0
5010,Electric Car 04 (VehicleInfo),Created- Spawned,Vehicle,245420,0,0,1,0,0
5021,Camper Van 03 (VehicleInfo),Created- Spawned,Vehicle,128374,0,0,1,0,0
5025,Donut Van (VehicleInfo),Created- Spawned- TransferToTarget- GoingBack- Exporting,Vehicle,91101,47214,0,0,0,0
5031,Sports-car (VehicleInfo),Created- Spawned,Vehicle,162551,0,0,2,0,0
5032,Sports-car (VehicleInfo),Created- Spawned,Vehicle,176826,0,0,1,0,0
5060,Oil Truck (VehicleInfo),Created- Spawned- TransferToTarget- GoingBack- Importing- Exporting,Vehicle,153666,735,0,0,4499,0
5069,Scooter (VehicleInfo),Created- Spawned,Vehicle,49375,0,0,1,0,0
5071,Tractor (VehicleInfo),Created- Spawned- TransferToTarget- Importing,Vehicle,47905,806,18891,0,1225,0
5080,Scooter (VehicleInfo),Created- Spawned,Vehicle,240,0,0,0,0,0
5111,Suv (VehicleInfo),Created- Spawned,Vehicle,139553,0,0,0,0,0
5164,Suv (VehicleInfo),Created- Spawned,Vehicle,241903,0,0,4,6191,0
5187,Sedan (VehicleInfo),Created- Spawned,Vehicle,88597,0,0,2,0,0
5189,Station-wagon (VehicleInfo),Created- Spawned,Vehicle,76667,0,0,1,0,0
5204,Station-wagon (VehicleInfo),Created- Spawned,Vehicle,131079,0,0,1,0,0
5207,Electric Car 03 (VehicleInfo),Created- Spawned,Vehicle,19003,0,0,2,0,0
5212,Camper Van 01 (VehicleInfo),Created- Spawned,Vehicle,40505,0,0,1,0,0
5213,Electric Car 02 (VehicleInfo),Created- Spawned,Vehicle,45657,0,0,1,0,0
5216,Tractor (VehicleInfo),Created- Spawned- TransferToTarget- Importing,Vehicle,123367,26365,12975,0,12411,0
5312,Van (VehicleInfo),Created- Spawned- TransferToTarget- Exporting,Vehicle,124023,9975,24075,0,0,0
5318,Station-wagon (VehicleInfo),Created- Spawned,Vehicle,38386,0,0,0,0,0
5328,Station-wagon (VehicleInfo),Created- Spawned,Vehicle,138879,0,0,0,0,0
5351,Van (VehicleInfo),Created- Spawned- TransferToTarget- Exporting,Vehicle,195849,27866,24075,0,0,0
5356,Electric Car 03 (VehicleInfo),Created- Spawned,Vehicle,47011,0,0,2,0,0
5401,Camper Trailer 02 (VehicleInfo),Created- Spawned,Vehicle,0,0,0,0,0,0
5415,Scooter (VehicleInfo),Created- Spawned,Vehicle,134792,0,0,1,0,0
5477,Tractor (VehicleInfo),Created- Spawned- TransferToTarget- Importing,Vehicle,143619,26365,16862,0,11933,0
5517,Camper Van 03 (VehicleInfo),Created- Spawned,Vehicle,5405,0,0,1,0,0
5532,Suv (VehicleInfo),Created- Spawned,Vehicle,129417,0,0,0,0,0
5538,Hatchback (VehicleInfo),Created- Spawned,Vehicle,150954,0,0,0,0,0
5560,Station-wagon (VehicleInfo),Created- Spawned,Vehicle,104459,0,0,2,0,0
5569,Suv (VehicleInfo),Created- Spawned,Vehicle,183494,0,0,2,0,0
5591,Suv (VehicleInfo),Created- Spawned,Vehicle,89369,0,0,0,0,0
5619,Electric Car 04 (VehicleInfo),Created- Spawned,Vehicle,117582,0,0,1,0,0
5668,Hatchback (VehicleInfo),Created- Spawned,Vehicle,186610,0,0,4,13873,0
5699,Sedan (VehicleInfo),Created- Spawned,Vehicle,220272,0,0,2,0,0
5704,Sedan (VehicleInfo),Created- Spawned,Vehicle,91815,0,0,0,0,0
5734,Camper Van 03 (VehicleInfo),Created- Spawned,Vehicle,10907,0,0,1,0,0
5740,Sedan (VehicleInfo),Created- Spawned,Vehicle,44003,0,0,1,0,0
5748,Sedan (VehicleInfo),Created- Spawned,Vehicle,28487,0,0,2,0,0
5749,Suv (VehicleInfo),Created- Spawned,Vehicle,209550,0,0,1,8112,0
5770,Station-wagon (VehicleInfo),Created- Spawned,Vehicle,171184,0,0,2,0,0
5778,Hatchback (VehicleInfo),Created- Spawned,Vehicle,254408,0,0,0,0,0
5839,Personal Electric Transport Ride (VehicleInfo),Created- Spawned,Vehicle,125210,0,0,1,0,0
5925,Lorry (VehicleInfo),Created- Spawned- TransferToTarget- Exporting,Vehicle,242233,15039,735,0,0,0
5948,Electric Car 02 (VehicleInfo),Created- Spawned,Vehicle,80358,0,0,1,0,0
5949,Camper Van 01 (VehicleInfo),Created- Spawned,Vehicle,25120,0,0,1,0,0
5950,Tractor (VehicleInfo),Created- Spawned- TransferToTarget- Importing,Vehicle,256982,806,45992,0,4169,0
5973,Scooter (VehicleInfo),Created- Spawned,Vehicle,69096,0,0,0,0,0
6019,Bus (VehicleInfo),Created- Spawned- TransferToTarget,Vehicle,123229,45862,18538,0,0,0
6055,Camper Trailer 01 (VehicleInfo),Created- Spawned,Vehicle,0,0,0,0,0,0
6070,Scooter (VehicleInfo),Created- Spawned,Vehicle,33956,0,0,1,0,0
6082,Station-wagon (VehicleInfo),Created- Spawned,Vehicle,33040,0,0,2,0,0
6100,Oil Truck (VehicleInfo),Created- Spawned- TransferToTarget- Importing,Vehicle,128408,26365,15039,0,9780,0
6117,Bus (VehicleInfo),Created- Spawned- TransferToTarget,Vehicle,68039,45862,23505,0,0,0
6169,Sports-car (VehicleInfo),Created- Spawned,Vehicle,223330,0,0,1,0,0
6183,Tractor (VehicleInfo),Created- Spawned- TransferToTarget- Importing,Vehicle,187441,806,3047,0,495,0
6191,Camper Trailer 01 (VehicleInfo),Created- Spawned,Vehicle,0,0,0,0,0,0
6219,Camper Van 02 (VehicleInfo),Created- Spawned,Vehicle,242755,0,0,1,0,0
6237,Sedan (VehicleInfo),Created- Spawned,Vehicle,219479,0,0,2,0,0
6247,Bus (VehicleInfo),Created- Spawned- TransferToTarget,Vehicle,124248,45862,18537,0,0,0
6291,Sedan (VehicleInfo),Created- Spawned,Vehicle,218834,0,0,2,0,0
6311,Bus (VehicleInfo),Created- Spawned- TransferToTarget,Vehicle,63986,45862,18538,0,0,0
6315,Sports-car (VehicleInfo),Created- Spawned,Vehicle,235053,0,0,0,0,0
6328,Bus (VehicleInfo),Created- Spawned- TransferToTarget,Vehicle,72275,45862,18537,0,0,0
6338,Electric Car 02 (VehicleInfo),Created- Spawned,Vehicle,217702,0,0,3,0,0
6349,Electric Car 03 (VehicleInfo),Created- Spawned,Vehicle,217962,0,0,1,0,0
6367,Personal Electric Transport Ride (VehicleInfo),Created- Spawned,Vehicle,83852,0,0,1,0,0
6384,Suv (VehicleInfo),Created- Spawned,Vehicle,167088,0,0,1,0,0
6464,Sports-car (VehicleInfo),Created- Spawned- Arriving,Vehicle,157435,0,0,2,0,0
6493,Tractor (VehicleInfo),Created- Spawned- TransferToTarget- Importing,Vehicle,144445,8616,32775,0,168,0
6561,Sedan (VehicleInfo),Created- Spawned,Vehicle,52484,0,0,2,0,0
6572,Station-wagon (VehicleInfo),Created- Spawned,Vehicle,253150,0,0,0,0,0
6606,Tractor (VehicleInfo),Created- Spawned- TransferToTarget- GoingBack- Importing- Exporting,Vehicle,145226,24075,0,0,2568,0
6630,Sports-car (VehicleInfo),Created- Spawned- Arriving,Vehicle,0,0,0,3,0,0
6639,Sports-car (VehicleInfo),Created- Spawned,Vehicle,249998,0,0,0,0,0
6648,Tractor (VehicleInfo),Created- Spawned- TransferToTarget- GoingBack- Importing- Exporting,Vehicle,242046,24075,0,0,2448,0
6664,Sedan (VehicleInfo),Created- Spawned,Vehicle,238078,0,0,1,0,0
6689,Suv (VehicleInfo),Created- Spawned,Vehicle,197206,0,0,1,0,0
6736,Hatchback (VehicleInfo),Created- Spawned,Vehicle,5159,0,0,0,0,0
6738,Suv (VehicleInfo),Created- Spawned,Vehicle,48151,0,0,1,0,0
6763,Hatchback (VehicleInfo),Created- Spawned,Vehicle,43115,0,0,1,0,0
6768,Station-wagon (VehicleInfo),Created- Spawned,Vehicle,212875,0,0,1,0,0
6779,Electric Car 03 (VehicleInfo),Created- Spawned,Vehicle,161366,0,0,0,0,0
6795,Sports-car (VehicleInfo),Created- Spawned,Vehicle,94169,0,0,4,0,0
6805,Personal Electric Transport Ride (VehicleInfo),Created- Spawned,Vehicle,2811,0,0,0,0,0
6846,Garbage Truck (VehicleInfo),Created- Spawned- TransferToSource,Vehicle,120928,15285,19975,0,0,0
6862,Station-wagon (VehicleInfo),Created- Spawned,Vehicle,13942,0,0,1,0,0
6876,Suv (VehicleInfo),Created- Spawned,Vehicle,130668,0,0,1,0,0
6925,Scooter (VehicleInfo),Created- Spawned,Vehicle,223122,0,0,1,0,0
6953,Suv (VehicleInfo),Created- Spawned,Vehicle,242808,0,0,0,0,0
7001,Police Car (VehicleInfo),Created- Spawned- TransferToSource- GoingBack,Vehicle,129112,45823,0,0,0,0
7027,Camper Van 01 (VehicleInfo),Created- Spawned,Vehicle,213241,0,0,2,0,0
7031,Tractor (VehicleInfo),Created- Spawned- TransferToTarget- Importing- Exporting,Vehicle,14510,735,735,0,6077,0
7048,Sports-car (VehicleInfo),Created- Spawned,Vehicle,194237,0,0,0,0,0
7119,Sports-car (VehicleInfo),Created- Spawned,Vehicle,150037,0,0,1,0,0
7129,Sedan (VehicleInfo),Created- Spawned,Vehicle,88064,0,0,0,0,0
7149,Tractor (VehicleInfo),Created- Spawned- TransferToTarget- Importing,Vehicle,19638,26365,19476,0,10977,0
7244,Suv (VehicleInfo),Created- Spawned,Vehicle,65620,0,0,2,0,0
7250,Electric Car 04 (VehicleInfo),Created- Spawned,Vehicle,42215,0,0,2,0,0
7260,Electric Car 01 (VehicleInfo),Created- Spawned,Vehicle,253426,0,0,1,0,0
7309,Oil Truck (VehicleInfo),Created- Spawned- TransferToTarget- GoingBack- Importing- Exporting,Vehicle,58496,735,0,0,15116,0
7326,Lorry (VehicleInfo),Created- Spawned- TransferToTarget- GoingBack- Exporting,Vehicle,239621,26589,0,0,0,0
7342,Suv (VehicleInfo),Created- Spawned,Vehicle,222026,0,0,1,7836,0
7373,Scooter (VehicleInfo),Created- Spawned,Vehicle,43299,0,0,1,0,0
7385,Scooter (VehicleInfo),Created- Spawned,Vehicle,21226,0,0,1,0,0
7392,Scooter (VehicleInfo),Created- Spawned,Vehicle,45614,0,0,1,0,0
7398,Camper Van 03 (VehicleInfo),Created- Spawned,Vehicle,104008,0,0,2,0,0
7424,Lorry (VehicleInfo),Created- Spawned- TransferToTarget- GoingBack- Exporting,Vehicle,87003,47214,0,0,0,0
7473,Sedan (VehicleInfo),Created- Spawned,Vehicle,20810,0,0,0,0,0
7474,Sedan (VehicleInfo),Created- Spawned,Vehicle,69144,0,0,0,0,0
7498,Camper Van 03 (VehicleInfo),Created- Spawned,Vehicle,173177,0,0,1,0,0
7535,Sedan (VehicleInfo),Created- Spawned,Vehicle,31635,0,0,1,0,0
7571,Tractor (VehicleInfo),Created- Spawned- TransferToTarget- GoingBack- Importing- Exporting,Vehicle,183533,30157,0,0,3208,0
7620,Sedan (VehicleInfo),Created- Spawned,Vehicle,198095,0,0,1,0,0
7641,Suv (VehicleInfo),Created- Spawned,Vehicle,233502,0,0,1,0,0
7707,Suv (VehicleInfo),Created- Spawned,Vehicle,18598,0,0,2,0,0
7714,Station-wagon (VehicleInfo),Created- Spawned,Vehicle,51636,0,0,1,0,0
7730,Sedan (VehicleInfo),Created- Spawned,Vehicle,24618,0,0,1,0,0
7733,Station-wagon (VehicleInfo),Created- Spawned,Vehicle,99051,0,0,1,0,0
7760,Hatchback (VehicleInfo),Created- Spawned,Vehicle,125855,0,0,3,0,0
7796,Sedan (VehicleInfo),Created- Spawned,Vehicle,236214,0,0,3,0,0
7812,hotdog-van (VehicleInfo),Created- Spawned- TransferToTarget- Exporting,Vehicle,100091,15429,30157,0,0,0
7831,Scooter (VehicleInfo),Created- Spawned,Vehicle,9755,0,0,1,0,0
7836,Camper Trailer 01 (VehicleInfo),Created- Spawned,Vehicle,0,0,0,0,0,0
7895,Electric Car 04 (VehicleInfo),Created- Spawned,Vehicle,232816,0,0,0,0,0
7925,Scooter (VehicleInfo),Created- Spawned,Vehicle,114122,0,0,1,0,0
7942,Suv (VehicleInfo),Created- Spawned,Vehicle,84103,0,0,1,0,0
7946,Camper Trailer 02 (VehicleInfo),Created- Spawned,Vehicle,0,0,0,0,0,0
7975,Station-wagon (VehicleInfo),Created- Spawned,Vehicle,192649,0,0,3,0,0
8014,Sedan (VehicleInfo),Created- Spawned,Vehicle,102689,0,0,3,0,0
8022,Forestry Truck (VehicleInfo),Created- Spawned- TransferToTarget- GoingBack- Importing- Exporting,Vehicle,123441,24075,0,0,7915,0
8033,Station-wagon (VehicleInfo),Created- Spawned,Vehicle,249622,0,0,0,0,0
8062,Sedan (VehicleInfo),Created- Spawned,Vehicle,191692,0,0,1,0,0
8087,Electric Car 04 (VehicleInfo),Created- Spawned,Vehicle,151432,0,0,0,0,0
8103,Van (VehicleInfo),Created- Spawned- TransferToTarget- Exporting,Vehicle,95541,19402,735,0,0,0
8112,Camper Trailer 01 (VehicleInfo),Created- Spawned,Vehicle,0,0,0,0,0,0
8113,Electric Car 01 (VehicleInfo),Created- Spawned,Vehicle,256506,0,0,1,0,0
8143,Sedan (VehicleInfo),Created- Spawned,Vehicle,231716,0,0,0,0,0
8195,Van (VehicleInfo),Created- Spawned- TransferToTarget- Exporting,Vehicle,187321,45992,30157,0,0,0
8213,Suv (VehicleInfo),Created- Spawned,Vehicle,255513,0,0,1,4774,0
8219,Sports-car (VehicleInfo),Created- Spawned,Vehicle,118218,0,0,2,0,0
8241,Station-wagon (VehicleInfo),Created- Spawned,Vehicle,217239,0,0,0,0,0
8247,Sedan (VehicleInfo),Created- Spawned,Vehicle,65682,0,0,0,0,0
8248,Police Car (VehicleInfo),Created- Spawned- TransferToSource,Vehicle,98725,45823,20594,0,0,0
8258,Electric Car 03 (VehicleInfo),Created- Spawned,Vehicle,120191,0,0,1,0,0
8288,Bus (VehicleInfo),Created- Spawned- TransferToTarget,Vehicle,140051,45862,23507,0,0,0
8301,Bus (VehicleInfo),Created- Spawned- TransferToTarget,Vehicle,16787,45862,23507,0,0,0
8313,Bus (VehicleInfo),Created- Spawned- TransferToTarget,Vehicle,219971,45862,18538,0,0,0
8319,Station-wagon (VehicleInfo),Created- Spawned,Vehicle,198836,0,0,0,0,0
8320,Hatchback (VehicleInfo),Created- Spawned,Vehicle,164661,0,0,0,0,0
8342,Personal Electric Transport Ride (VehicleInfo),Created- Spawned,Vehicle,46296,0,0,1,0,0
8385,Station-wagon (VehicleInfo),Created- Spawned,Vehicle,176935,0,0,1,0,0
8461,Hatchback (VehicleInfo),Created- Spawned,Vehicle,257363,0,0,0,0,0
8605,Electric Car 04 (VehicleInfo),Created- Spawned,Vehicle,245642,0,0,4,0,0
8607,Hatchback (VehicleInfo),Created- Spawned,Vehicle,224125,0,0,2,0,0
8638,Bus (VehicleInfo),Created- Spawned- TransferToTarget,Vehicle,99763,45862,22124,0,0,0
8659,Electric Car 03 (VehicleInfo),Created- Spawned,Vehicle,195637,0,0,2,0,0
8663,Scooter (VehicleInfo),Created- Spawned,Vehicle,177899,0,0,0,0,0
8677,Hatchback (VehicleInfo),Created- Spawned,Vehicle,43562,0,0,0,0,0
8678,Suv (VehicleInfo),Created- Spawned,Vehicle,109232,0,0,3,13375,0
8720,Hatchback (VehicleInfo),Created- Spawned,Vehicle,77076,0,0,2,0,0
8727,Scooter (VehicleInfo),Created- Spawned,Vehicle,200562,0,0,1,10018,0
8738,Hatchback (VehicleInfo),Created- Spawned- Arriving,Vehicle,119458,0,0,1,0,0
8745,Sedan (VehicleInfo),Created- Spawned,Vehicle,29272,0,0,2,0,0
8778,Sports-car (VehicleInfo),Created- Spawned,Vehicle,201501,0,0,2,0,0
8810,Sports-car (VehicleInfo),Created- Spawned,Vehicle,150753,0,0,0,0,0
8860,Camper Van 03 (VehicleInfo),Created- Spawned,Vehicle,41356,0,0,1,0,0
8890,Sports-car (VehicleInfo),Created- Spawned,Vehicle,94090,0,0,1,0,0
8900,Sports-car (VehicleInfo),Created- Spawned,Vehicle,206110,0,0,1,0,0
8968,Tractor (VehicleInfo),Created- Spawned- TransferToTarget- Importing,Vehicle,8482,26365,12975,0,978,0
8975,Station-wagon (VehicleInfo),Created- Spawned,Vehicle,244629,0,0,1,0,0
8979,Station-wagon (VehicleInfo),Created- Spawned,Vehicle,52270,0,0,1,0,0
8981,Sports-car (VehicleInfo),Created- Spawned,Vehicle,13393,0,0,1,0,0
9004,Suv (VehicleInfo),Created- Spawned,Vehicle,204692,0,0,4,9756,0
9044,Suv (VehicleInfo),Created- Spawned,Vehicle,137542,0,0,2,0,0
9080,Sports-car (VehicleInfo),Created- Spawned,Vehicle,123990,0,0,1,0,0
9081,Suv (VehicleInfo),Created- Spawned,Vehicle,183005,0,0,1,0,0
9148,Bus (VehicleInfo),Created- Spawned- TransferToTarget- Leaving,Vehicle,219344,45862,16323,0,0,0
9192,Camper Van 01 (VehicleInfo),Created- Spawned,Vehicle,44795,0,0,1,0,0
9195,Scooter (VehicleInfo),Created- Spawned,Vehicle,196007,0,0,1,0,0
9314,Hatchback (VehicleInfo),Created- Spawned,Vehicle,180387,0,0,2,0,0
9321,Forestry Truck (VehicleInfo),Created- Spawned- TransferToTarget- GoingBack- Importing- Exporting,Vehicle,98817,735,0,0,10570,0
9388,Suv (VehicleInfo),Created- Spawned,Vehicle,231294,0,0,0,0,0
9398,Camper Van 03 (VehicleInfo),Created- Spawned,Vehicle,174073,0,0,3,0,0
9434,Scooter (VehicleInfo),Created- Spawned,Vehicle,104979,0,0,1,0,0
9443,Ambulance (VehicleInfo),Created- Spawned- TransferToSource- GoingBack,Vehicle,10878,28554,0,0,0,0
9450,Sports-car (VehicleInfo),Created- Spawned,Vehicle,134542,0,0,1,0,0
9462,Police Car (VehicleInfo),Created- Spawned- TransferToSource,Vehicle,40240,45823,5482,0,0,0
9501,Oil Truck (VehicleInfo),Created- Spawned- TransferToTarget- Importing,Vehicle,172317,8616,41590,0,16341,0
9518,Station-wagon (VehicleInfo),Created- Spawned,Vehicle,183331,0,0,1,0,0
9552,Lorry (VehicleInfo),Created- Spawned- TransferToTarget- Exporting,Vehicle,176282,16855,30157,0,0,0
9598,Hatchback (VehicleInfo),Created- Spawned,Vehicle,166712,0,0,1,0,0
9693,Lorry (VehicleInfo),Created- Spawned- TransferToTarget- Exporting,Vehicle,198689,26315,24075,0,0,0
9696,Personal Electric Transport Ride (VehicleInfo),Created- Spawned,Vehicle,87529,0,0,1,0,0
9706,Suv (VehicleInfo),Created- Spawned,Vehicle,126810,0,0,2,0,0
9714,Hatchback (VehicleInfo),Created- Spawned,Vehicle,196065,0,0,0,0,0
9756,Camper Trailer 01 (VehicleInfo),Created- Spawned,Vehicle,0,0,0,0,0,0
9768,Bus (VehicleInfo),Created- Spawned- TransferToTarget- Arriving,Vehicle,87465,45862,22124,0,0,0
9847,Station-wagon (VehicleInfo),Created- Spawned,Vehicle,41160,0,0,1,0,0
9896,Sedan (VehicleInfo),Created- Spawned,Vehicle,187896,0,0,1,0,0
9914,Sedan (VehicleInfo),Created- Spawned,Vehicle,66885,0,0,1,0,0
9918,Scooter (VehicleInfo),Created- Spawned,Vehicle,34559,0,0,2,0,0
9946,Camper Van 02 (VehicleInfo),Created- Spawned,Vehicle,60883,0,0,4,0,0
9950,Forestry Truck (VehicleInfo),Created- Spawned- TransferToTarget- GoingBack- Importing- Exporting,Vehicle,220981,735,0,0,13657,0
9971,Station-wagon (VehicleInfo),Created- Spawned,Vehicle,56724,0,0,1,0,0
9985,Hatchback (VehicleInfo),Created- Spawned,Vehicle,239683,0,0,1,0,0
10001,Tractor (VehicleInfo),Created- Spawned- TransferToTarget- Importing,Vehicle,178405,26365,16862,0,10898,0
10018,Camper Trailer 02 (VehicleInfo),Created- Spawned,Vehicle,0,0,0,0,0,0
10092,Scooter (VehicleInfo),Created- Spawned,Vehicle,109992,0,0,1,0,0
10125,Suv (VehicleInfo),Created- Spawned,Vehicle,70308,0,0,0,0,0
10135,Station-wagon (VehicleInfo),Created- Spawned,Vehicle,47788,0,0,0,0,0
10136,Bus (VehicleInfo),Created- Spawned- TransferToTarget- Arriving,Vehicle,0,45862,23505,0,0,0
10201,Bus (VehicleInfo),Created- Spawned- TransferToTarget- Congestion,Vehicle,69362,45862,16311,0,0,0
10263,Scooter (VehicleInfo),Created- Spawned,Vehicle,39387,0,0,0,0,0
10265,Electric Car 03 (VehicleInfo),Created- Spawned,Vehicle,154436,0,0,0,0,0
10294,Scooter (VehicleInfo),Created- Spawned,Vehicle,162907,0,0,0,0,0
10299,Bugspray Van (VehicleInfo),Created- Spawned- TransferToTarget- Exporting,Vehicle,32867,14193,24075,0,0,0
10336,Electric Car 02 (VehicleInfo),Created- Spawned,Vehicle,91233,0,0,2,0,0
10341,Hatchback (VehicleInfo),Created- Spawned,Vehicle,201330,0,0,0,0,0
10369,Tractor (VehicleInfo),Created- Spawned- TransferToTarget- Importing,Vehicle,65602,26365,23415,0,8684,0
10371,Station-wagon (VehicleInfo),Created- Spawned,Vehicle,193269,0,0,2,0,0
10380,Sedan (VehicleInfo),Created- Spawned,Vehicle,168905,0,0,0,0,0
10393,Camper Trailer 01 (VehicleInfo),Created- Spawned,Vehicle,0,0,0,0,0,0
10404,Hatchback (VehicleInfo),Created- Spawned,Vehicle,101755,0,0,2,0,0
10479,Station-wagon (VehicleInfo),Created- Spawned,Vehicle,260501,0,0,1,0,0
10501,Station-wagon (VehicleInfo),Created- Spawned,Vehicle,20985,0,0,1,0,0
10528,Station-wagon (VehicleInfo),Created- Spawned,Vehicle,31605,0,0,3,0,0
10534,Camper Van 03 (VehicleInfo),Created- Spawned,Vehicle,58690,0,0,1,0,0
10541,Electric Car 01 (VehicleInfo),Created- Spawned,Vehicle,66475,0,0,1,0,0
10556,Station-wagon (VehicleInfo),Created- Spawned,Vehicle,56553,0,0,1,0,0
10580,hotdog-van (VehicleInfo),Created- Spawned- TransferToTarget- Exporting,Vehicle,199101,18891,735,0,0,0
10590,Hatchback (VehicleInfo),Created- Spawned,Vehicle,33671,0,0,0,0,0
10596,Van (VehicleInfo),Created- Spawned- TransferToTarget- Exporting,Vehicle,171191,3047,735,0,0,0
10603,Hatchback (VehicleInfo),Created- Spawned,Vehicle,17366,0,0,0,0,0
10731,Hatchback (VehicleInfo),Created- Spawned,Vehicle,69818,0,0,3,0,0
10734,Scooter (VehicleInfo),Created- Spawned,Vehicle,166215,0,0,3,4697,0
10782,Electric Car 03 (VehicleInfo),Created- Spawned,Vehicle,257694,0,0,2,0,0
10796,Suv (VehicleInfo),Created- Spawned,Vehicle,232396,0,0,2,0,0
10872,Sports-car (VehicleInfo),Created- Spawned,Vehicle,82700,0,0,1,0,0
10874,Sedan (VehicleInfo),Created- Spawned,Vehicle,209894,0,0,0,0,0
10877,Electric Car 03 (VehicleInfo),Created- Spawned,Vehicle,64790,0,0,1,0,0
10891,Tractor (VehicleInfo),Created- Spawned- TransferToTarget- GoingBack- Importing- Exporting,Vehicle,85110,30157,0,0,8622,0
10893,Hatchback (VehicleInfo),Created- Spawned,Vehicle,214188,0,0,0,0,0
10901,Scooter (VehicleInfo),Created- Spawned,Vehicle,252840,0,0,0,0,0
10920,Hatchback (VehicleInfo),Created- Spawned,Vehicle,217293,0,0,1,0,0
10942,Sedan (VehicleInfo),Created- Spawned,Vehicle,122982,0,0,0,0,0
11033,Sports-car (VehicleInfo),Created- Spawned,Vehicle,245149,0,0,1,0,0
11061,Scooter (VehicleInfo),Created- Spawned,Vehicle,138388,0,0,2,0,0
11071,Scooter (VehicleInfo),Created- Spawned,Vehicle,70772,0,0,0,0,0
11074,Station-wagon (VehicleInfo),Created- Spawned,Vehicle,82132,0,0,0,0,0
11080,Sports-car (VehicleInfo),Created- Spawned,Vehicle,132514,0,0,1,0,0
11104,Bus (VehicleInfo),Created- Spawned- TransferToTarget,Vehicle,220426,45862,22123,0,0,0
11127,Scooter (VehicleInfo),Created- Spawned,Vehicle,106730,0,0,0,0,0
11134,Tractor (VehicleInfo),Created- Spawned- TransferToTarget- GoingBack- Importing- Exporting,Vehicle,210976,735,0,0,11362,0
11141,Sports-car (VehicleInfo),Created- Spawned,Vehicle,42927,0,0,0,0,0
11144,Electric Car 02 (VehicleInfo),Created- Spawned,Vehicle,191276,0,0,1,0,0
11147,Electric Car 01 (VehicleInfo),Created- Spawned,Vehicle,73442,0,0,1,0,0
11174,Hatchback (VehicleInfo),Created- Spawned,Vehicle,69222,0,0,1,0,0
11197,Oil Truck (VehicleInfo),Created- Spawned- TransferToTarget- GoingBack- Importing- Exporting,Vehicle,49079,30157,0,0,5464,0
11206,Suv (VehicleInfo),Created- Spawned,Vehicle,200223,0,0,1,0,0
11227,Sedan (VehicleInfo),Created- Spawned,Vehicle,59633,0,0,1,0,0
11293,Sedan (VehicleInfo),Created- Spawned,Vehicle,212138,0,0,1,0,0
11299,Scooter (VehicleInfo),Created- Spawned,Vehicle,42571,0,0,2,0,0
11309,Scooter (VehicleInfo),Created- Spawned,Vehicle,6832,0,0,1,0,0
11349,Sedan (VehicleInfo),Created- Spawned,Vehicle,259311,0,0,1,0,0
11378,Hatchback (VehicleInfo),Created- Spawned,Vehicle,14723,0,0,0,0,0
11387,Police Car (VehicleInfo),Created- Spawned- TransferToSource- Arriving- WaitingTarget,Vehicle,253663,45823,0,0,0,5
11405,Scooter (VehicleInfo),Created- Spawned,Vehicle,139316,0,0,1,0,0
11435,Hatchback (VehicleInfo),Created- Spawned,Vehicle,29338,0,0,1,0,0
11479,Scooter (VehicleInfo),Created- Spawned,Vehicle,190930,0,0,1,14511,0
11482,Suv (VehicleInfo),Created- Spawned,Vehicle,145991,0,0,0,0,0
11506,hotdog-van (VehicleInfo),Created- Spawned- TransferToTarget- Exporting,Vehicle,93696,12975,735,0,0,0
11512,Personal Electric Transport Ride (VehicleInfo),Created- Spawned- Arriving,Vehicle,0,0,0,1,0,0
11560,Sedan (VehicleInfo),Created- Spawned,Vehicle,52997,0,0,1,0,0
11653,Van (VehicleInfo),Created- Spawned- TransferToTarget- Exporting,Vehicle,84909,16862,30157,0,0,0
11670,Sedan (VehicleInfo),Created- Spawned,Vehicle,89464,0,0,1,0,0
11686,Sports-car (VehicleInfo),Created- Spawned,Vehicle,205106,0,0,2,0,0
11695,Bus (VehicleInfo),Created- Spawned- TransferToTarget,Vehicle,237231,45862,22123,0,0,0
11700,Sports-car (VehicleInfo),Created- Spawned,Vehicle,68808,0,0,0,0,0
11701,Hatchback (VehicleInfo),Created- Spawned,Vehicle,126589,0,0,0,0,0
11731,Personal Electric Transport Ride (VehicleInfo),Created- Spawned,Vehicle,197473,0,0,1,0,0
11734,Electric Car 02 (VehicleInfo),Created- Spawned,Vehicle,89348,0,0,1,0,0
11746,Electric Car 02 (VehicleInfo),Created- Spawned,Vehicle,248021,0,0,1,0,0
11772,Ambulance (VehicleInfo),Created- Spawned- TransferToSource- Emergency2,Vehicle,26072,28554,21265,0,0,0
11784,Sports-car (VehicleInfo),Created- Spawned,Vehicle,208000,0,0,3,0,0
11799,Sedan (VehicleInfo),Created- Spawned,Vehicle,254561,0,0,1,0,0
11829,Station-wagon (VehicleInfo),Created- Spawned,Vehicle,256897,0,0,0,0,0
11855,Station-wagon (VehicleInfo),Created- Spawned,Vehicle,254259,0,0,0,0,0
11866,Scooter (VehicleInfo),Created- Spawned,Vehicle,156529,0,0,0,0,0
11867,Hatchback (VehicleInfo),Created- Spawned,Vehicle,170577,0,0,1,0,0
11905,Sedan (VehicleInfo),Created- Spawned,Vehicle,261952,0,0,1,0,0
11922,Hatchback (VehicleInfo),Created- Spawned,Vehicle,247985,0,0,0,0,0
11950,Station-wagon (VehicleInfo),Created- Spawned,Vehicle,124591,0,0,4,0,0
11993,Sports-car (VehicleInfo),Created- Spawned,Vehicle,244550,0,0,0,0,0
12040,Sports-car (VehicleInfo),Created- Spawned,Vehicle,225581,0,0,1,0,0
12066,Bus (VehicleInfo),Created- Spawned- TransferToTarget- Stopped,Vehicle,215331,45862,16320,0,0,7
12096,Lorry (VehicleInfo),Created- Spawned- TransferToTarget- Exporting,Vehicle,40444,14968,24075,0,0,0
12111,Camper Trailer 01 (VehicleInfo),Created- Spawned,Vehicle,0,0,0,0,0,0
12147,Sports-car (VehicleInfo),Created- Spawned,Vehicle,125361,0,0,2,0,0
12154,Hatchback (VehicleInfo),Created- Spawned,Vehicle,88569,0,0,0,0,0
12181,Hatchback (VehicleInfo),Created- Spawned,Vehicle,119298,0,0,2,0,0
12197,Lorry (VehicleInfo),Created- Spawned- TransferToTarget- Arriving- GoingBack- Exporting,Vehicle,166964,580,0,0,0,0
12252,Sedan (VehicleInfo),Created- Spawned- Arriving,Vehicle,241142,0,0,2,0,0
12278,Camper Van 01 (VehicleInfo),Created- Spawned,Vehicle,41343,0,0,1,0,0
12290,Hatchback (VehicleInfo),Created- Spawned,Vehicle,138586,0,0,3,0,0
12361,Tractor (VehicleInfo),Created- Spawned- TransferToTarget- Importing,Vehicle,119130,8616,32775,0,2282,0
12405,Sedan (VehicleInfo),Created- Spawned,Vehicle,108469,0,0,1,0,0
12438,Bus (VehicleInfo),Created- Spawned- TransferToTarget- Stopped- Congestion,Vehicle,17283,45862,16311,0,0,11
12489,Scooter (VehicleInfo),Created- Spawned,Vehicle,95374,0,0,1,7946,0
12491,Sports-car (VehicleInfo),Created- Spawned,Vehicle,151445,0,0,0,0,0
12505,Sports-car (VehicleInfo),Created- Spawned,Vehicle,251417,0,0,0,0,0
12529,Personal Electric Transport Ride (VehicleInfo),Created- Spawned,Vehicle,211206,0,0,1,0,0
12589,Ambulance (VehicleInfo),Created- Spawned- TransferToSource- Stopped- GoingBack,Vehicle,58588,28554,0,0,0,0
12619,Scooter (VehicleInfo),Created- Spawned,Vehicle,64405,0,0,0,0,0
12627,Electric Car 04 (VehicleInfo),Created- Spawned,Vehicle,59117,0,0,1,0,0
12630,Station-wagon (VehicleInfo),Created- Spawned,Vehicle,52200,0,0,1,0,0
12662,Sedan (VehicleInfo),Created- Spawned,Vehicle,20103,0,0,1,0,0
12666,Camper Van 02 (VehicleInfo),Created- Spawned,Vehicle,70088,0,0,4,0,0
12670,Hatchback (VehicleInfo),Created- Spawned,Vehicle,149440,0,0,1,0,0
12688,Suv (VehicleInfo),Created- Spawned,Vehicle,85108,0,0,2,0,0
12703,Sedan (VehicleInfo),Created- Spawned,Vehicle,81183,0,0,5,0,0
12731,Sedan (VehicleInfo),Created- Spawned,Vehicle,122611,0,0,1,0,0
12751,Suv (VehicleInfo),Created- Spawned,Vehicle,253730,0,0,1,0,0
12757,Camper Van 01 (VehicleInfo),Created- Spawned,Vehicle,87953,0,0,2,0,0
12819,Sedan (VehicleInfo),Created- Spawned,Vehicle,148470,0,0,1,0,0
12855,Personal Electric Transport Ride (VehicleInfo),Created- Spawned,Vehicle,219238,0,0,1,0,0
12863,Station-wagon (VehicleInfo),Created- Spawned,Vehicle,48200,0,0,0,0,0
12871,Hatchback (VehicleInfo),Created- Spawned,Vehicle,188806,0,0,1,0,0
12890,Sports-car (VehicleInfo),Created- Spawned,Vehicle,237882,0,0,1,0,0
12900,Station-wagon (VehicleInfo),Created- Spawned,Vehicle,172021,0,0,3,0,0
12931,Bus (VehicleInfo),Created- Spawned- TransferToTarget,Vehicle,215036,45862,16308,0,0,0
13017,Station-wagon (VehicleInfo),Created- Spawned,Vehicle,92733,0,0,1,0,0
13049,Oil Truck (VehicleInfo),Created- Spawned- TransferToTarget- Importing,Vehicle,52860,8616,41590,0,9808,0
13055,Electric Car 04 (VehicleInfo),Created- Spawned,Vehicle,45600,0,0,0,0,0
13075,Suv (VehicleInfo),Created- Spawned,Vehicle,82263,0,0,0,0,0
13126,Scooter (VehicleInfo),Created- Spawned,Vehicle,97345,0,0,0,0,0
13142,Scooter (VehicleInfo),Created- Spawned,Vehicle,258250,0,0,0,0,0
13165,Hatchback (VehicleInfo),Created- Spawned,Vehicle,261142,0,0,0,0,0
13184,Forestry Truck (VehicleInfo),Created- Spawned- TransferToTarget- GoingBack- Importing- Exporting,Vehicle,69053,30157,0,0,10219,0
13194,Sedan (VehicleInfo),Created- Spawned,Vehicle,47078,0,0,0,0,0
13198,Electric Car 02 (VehicleInfo),Created- Spawned,Vehicle,153129,0,0,1,0,0
13200,Sedan (VehicleInfo),Created- Spawned,Vehicle,28609,0,0,0,0,0
13221,Hatchback (VehicleInfo),Created- Spawned,Vehicle,222230,0,0,0,0,0
13238,Scooter (VehicleInfo),Created- Spawned,Vehicle,85835,0,0,0,0,0
13240,Bus (VehicleInfo),Created- Spawned- TransferToTarget- Arriving,Vehicle,172932,45862,16320,0,0,0
13251,Sedan (VehicleInfo),Created- Spawned,Vehicle,115082,0,0,1,0,0
13255,Garbage Truck (VehicleInfo),Created- Spawned- TransferToSource,Vehicle,20552,15285,18891,0,0,0
13288,Scooter (VehicleInfo),Created- Spawned,Vehicle,161843,0,0,1,0,0
13294,Sedan (VehicleInfo),Created- Spawned,Vehicle,107579,0,0,0,0,0
13319,Camper Trailer 01 (VehicleInfo),Created- Spawned,Vehicle,0,0,0,0,0,0
13375,Camper Trailer 01 (VehicleInfo),Created- Spawned,Vehicle,0,0,0,0,0,0
13409,Hatchback (VehicleInfo),Created- Spawned,Vehicle,43838,0,0,4,0,0
13413,Sports-car (VehicleInfo),Created- Spawned,Vehicle,26764,0,0,2,0,0
13433,Hatchback (VehicleInfo),Created- Spawned,Vehicle,168431,0,0,0,0,0
13462,Scooter (VehicleInfo),Created- Spawned,Vehicle,255370,0,0,2,2679,0
13520,Oil Truck (VehicleInfo),Created- Spawned- TransferToTarget- GoingBack- Importing- Exporting,Vehicle,152990,30157,0,0,12300,0
13567,Electric Car 02 (VehicleInfo),Created- Spawned,Vehicle,124208,0,0,0,0,0
13568,Sports-car (VehicleInfo),Created- Spawned,Vehicle,145996,0,0,2,0,0
13583,Hatchback (VehicleInfo),Created- Spawned,Vehicle,77188,0,0,1,0,0
13618,Camper Van 03 (VehicleInfo),Created- Spawned,Vehicle,37194,0,0,3,0,0
13652,Van (VehicleInfo),Created- Spawned- TransferToTarget- Exporting,Vehicle,69078,9975,24075,0,0,0
13705,Police Car (VehicleInfo),Created- Spawned- TransferToSource- Emergency2,Vehicle,38418,45823,1992,0,0,0
13706,Scooter (VehicleInfo),Created- Spawned,Vehicle,190568,0,0,0,0,0
13709,Scooter (VehicleInfo),Created- Spawned,Vehicle,51559,0,0,2,0,0
13720,Station-wagon (VehicleInfo),Created- Spawned,Vehicle,127635,0,0,1,0,0
13724,Suv (VehicleInfo),Created- Spawned,Vehicle,109854,0,0,1,0,0
13737,Station-wagon (VehicleInfo),Created- Spawned- Stopped,Vehicle,258519,0,0,1,0,1
13744,Electric Car 01 (VehicleInfo),Created- Spawned,Vehicle,230041,0,0,1,0,0
13765,Camper Trailer 02 (VehicleInfo),Created- Spawned,Vehicle,0,0,0,0,0,0
13776,Station-wagon (VehicleInfo),Created- Spawned,Vehicle,109415,0,0,1,0,0
13805,Scooter (VehicleInfo),Created- Spawned,Vehicle,20921,0,0,1,0,0
13811,Station-wagon (VehicleInfo),Created- Spawned,Vehicle,219907,0,0,1,0,0
13844,Police Car (VehicleInfo),Created- Spawned- TransferToSource- Stopped- GoingBack,Vehicle,114867,45823,0,0,0,0
13845,Electric Car 03 (VehicleInfo),Created- Spawned,Vehicle,108305,0,0,1,0,0
13873,Camper Trailer 02 (VehicleInfo),Created- Spawned,Vehicle,0,0,0,0,0,0
13884,Suv (VehicleInfo),Created- Spawned- Arriving,Vehicle,176055,0,0,1,10393,0
13890,Forestry Truck (VehicleInfo),Created- Spawned- TransferToTarget- Importing- Exporting,Vehicle,146216,24075,735,0,9547,0
13892,Suv (VehicleInfo),Created- Spawned,Vehicle,173547,0,0,4,12111,0
13898,Electric Car 04 (VehicleInfo),Created- Spawned,Vehicle,8014,0,0,1,0,0
13911,Suv (VehicleInfo),Created- Spawned,Vehicle,170631,0,0,3,14203,0
13927,Scooter (VehicleInfo),Created- Spawned,Vehicle,77149,0,0,1,0,0
13953,Station-wagon (VehicleInfo),Created- Spawned,Vehicle,227746,0,0,2,0,0
14023,Oil Truck (VehicleInfo),Created- Spawned- TransferToTarget- GoingBack- Importing- Exporting,Vehicle,133665,24075,0,0,10544,0
14055,Suv (VehicleInfo),Created- Spawned,Vehicle,119001,0,0,0,0,0
14110,Tractor (VehicleInfo),Created- Spawned- TransferToTarget- Importing,Vehicle,147296,26365,45992,0,1395,0
14125,Station-wagon (VehicleInfo),Created- Spawned,Vehicle,215800,0,0,0,0,0
14132,Sports-car (VehicleInfo),Created- Spawned,Vehicle,125189,0,0,1,0,0
14154,Suv (VehicleInfo),Created- Spawned,Vehicle,193749,0,0,1,0,0
14185,Station-wagon (VehicleInfo),Created- Spawned,Vehicle,52479,0,0,0,0,0
14203,Camper Trailer 01 (VehicleInfo),Created- Spawned,Vehicle,0,0,0,0,0,0
14210,Scooter (VehicleInfo),Created- Spawned,Vehicle,48213,0,0,2,6055,0
14220,Camper Van 02 (VehicleInfo),Created- Spawned- Arriving,Vehicle,0,0,0,1,0,0
14225,Camper Van 03 (VehicleInfo),Created- Spawned,Vehicle,203769,0,0,1,0,0
14276,Bus (VehicleInfo),Created- Spawned- TransferToTarget,Vehicle,180732,45862,16323,0,0,0
14281,Sedan (VehicleInfo),Created- Spawned,Vehicle,31593,0,0,0,0,0
14301,Station-wagon (VehicleInfo),Created- Spawned,Vehicle,6470,0,0,0,0,0
14337,Sedan (VehicleInfo),Created- Spawned,Vehicle,94642,0,0,1,0,0
14442,Bus (VehicleInfo),Created- Spawned- TransferToTarget,Vehicle,138760,45862,16308,0,0,0
14457,Forestry Truck (VehicleInfo),Created- Spawned- TransferToTarget- GoingBack- Importing- Exporting,Vehicle,80975,24075,0,0,6902,0
14508,Sports-car (VehicleInfo),Created- Spawned,Vehicle,101720,0,0,0,0,0
14511,Camper Trailer 01 (VehicleInfo),Created- Spawned,Vehicle,0,0,0,0,0,0
14541,Bus (VehicleInfo),Created- Spawned- TransferToTarget,Vehicle,106526,45862,18537,0,0,0
14562,Sports-car (VehicleInfo),Created- Spawned,Vehicle,159044,0,0,2,0,0
14584,Station-wagon (VehicleInfo),Created- Spawned,Vehicle,153916,0,0,3,0,0
14603,Scooter (VehicleInfo),Created- Spawned,Vehicle,218701,0,0,0,0,0
14761,Station-wagon (VehicleInfo),Created- Spawned,Vehicle,176546,0,0,3,0,0
14783,Scooter (VehicleInfo),Created- Spawned,Vehicle,233733,0,0,0,0,0
14843,Hatchback (VehicleInfo),Created- Spawned,Vehicle,170174,0,0,1,0,0
14854,Bus (VehicleInfo),Created- Spawned- TransferToTarget,Vehicle,139427,45862,23505,0,0,0
14870,Bus (VehicleInfo),Created- Spawned- TransferToTarget- Stopped,Vehicle,61779,45862,23508,0,0,10
14883,Electric Car 03 (VehicleInfo),Created- Spawned,Vehicle,102908,0,0,3,0,0
14888,Bugspray Van (VehicleInfo),Created- Spawned- TransferToTarget- Exporting,Vehicle,16779,32775,24075,0,0,0
14940,Electric Car 02 (VehicleInfo),Created- Spawned,Vehicle,14323,0,0,3,0,0
14943,Bus (VehicleInfo),Created- Spawned- TransferToTarget- Congestion,Vehicle,92047,45862,16323,0,0,0
14991,Hatchback (VehicleInfo),Created- Spawned,Vehicle,239245,0,0,0,0,0
15007,Camper Van 01 (VehicleInfo),Created- Spawned,Vehicle,22874,0,0,1,0,0
15011,Bus (VehicleInfo),Created- Spawned- TransferToTarget,Vehicle,151341,45862,22123,0,0,0
15020,Station-wagon (VehicleInfo),Created- Spawned,Vehicle,48558,0,0,0,0,0
15050,Bus (VehicleInfo),Created- Spawned- TransferToTarget,Vehicle,224837,45862,23505,0,0,0
15080,Station-wagon (VehicleInfo),Created- Spawned,Vehicle,75089,0,0,1,0,0
15087,Sedan (VehicleInfo),Created- Spawned,Vehicle,16178,0,0,0,0,0
15090,Suv (VehicleInfo),Created- Spawned,Vehicle,23378,0,0,2,0,0
15168,Garbage Truck (VehicleInfo),Created- Spawned- TransferToSource,Vehicle,132258,10320,5824,0,0,0
15171,Sedan (VehicleInfo),Created- Spawned,Vehicle,225405,0,0,2,0,0
15197,Suv (VehicleInfo),Created- Spawned,Vehicle,244930,0,0,0,0,0
15199,Electric Car 04 (VehicleInfo),Created- Spawned,Vehicle,159485,0,0,1,0,0
15251,Station-wagon (VehicleInfo),Created- Spawned,Vehicle,188344,0,0,2,0,0
15280,Hatchback (VehicleInfo),Created- Spawned,Vehicle,65245,0,0,1,0,0
15336,Scooter (VehicleInfo),Created- Spawned,Vehicle,144417,0,0,0,0,0
15372,Suv (VehicleInfo),Created- Spawned,Vehicle,226781,0,0,1,0,0
15388,Sedan (VehicleInfo),Created- Spawned,Vehicle,158280,0,0,1,0,0
15392,Electric Car 01 (VehicleInfo),Created- Spawned,Vehicle,108980,0,0,1,0,0
15394,Camper Trailer 01 (VehicleInfo),Created- Spawned,Vehicle,0,0,0,0,0,0
15409,Sports-car (VehicleInfo),Created- Spawned,Vehicle,117761,0,0,1,0,0
15430,Bus (VehicleInfo),Created- Spawned- TransferToTarget- Stopped,Vehicle,163624,45862,16307,0,0,11
15439,Bugspray Van (VehicleInfo),Created- Spawned- TransferToTarget- GoingBack- Exporting,Vehicle,201771,12785,0,0,0,0
15545,Sports-car (VehicleInfo),Created- Spawned,Vehicle,135823,0,0,0,0,0
15552,Hatchback (VehicleInfo),Created- Spawned,Vehicle,123836,0,0,1,0,0
15609,Van (VehicleInfo),Created- Spawned- TransferToTarget- GoingBack- Exporting,Vehicle,53900,14968,0,0,0,0
15611,Oil Truck (VehicleInfo),Created- Spawned- TransferToTarget- GoingBack- Importing- Exporting,Vehicle,68570,735,0,0,2922,0
15668,Hatchback (VehicleInfo),Created- Spawned,Vehicle,104757,0,0,0,0,0
15693,Hatchback (VehicleInfo),Created- Spawned,Vehicle,41389,0,0,0,0,0
15729,Oil Truck (VehicleInfo),Created- Spawned- TransferToTarget- GoingBack- Importing- Exporting,Vehicle,65960,735,0,0,7538,0
15769,Suv (VehicleInfo),Created- Spawned,Vehicle,261919,0,0,0,0,0
15770,Van (VehicleInfo),Created- Spawned- TransferToTarget- GoingBack- Exporting,Vehicle,104269,38136,0,0,0,0
15784,Sports-car (VehicleInfo),Created- Spawned,Vehicle,221571,0,0,0,0,0
15802,Electric Car 02 (VehicleInfo),Created- Spawned,Vehicle,184611,0,0,1,0,0
15810,hotdog-van (VehicleInfo),Created- Spawned- TransferToTarget- Exporting,Vehicle,253270,26589,30157,0,0,0
15817,Van (VehicleInfo),Created- Spawned- TransferToTarget- GoingBack- Exporting,Vehicle,244873,15039,0,0,0,0
15821,Tractor (VehicleInfo),Created- Spawned- TransferToTarget- Importing,Vehicle,201361,806,19476,0,2933,0
15852,Hatchback (VehicleInfo),Created- Spawned,Vehicle,170794,0,0,0,0,0
15855,Camper Trailer 01 (VehicleInfo),Created- Spawned,Vehicle,0,0,0,0,0,0
15872,Bugspray Van (VehicleInfo),Created- Spawned- TransferToTarget- GoingBack- Exporting,Vehicle,48312,12785,0,0,0,0
15879,Forestry Truck (VehicleInfo),Created- Spawned- TransferToTarget- GoingBack- Importing- Exporting,Vehicle,261761,735,0,0,1522,0
15880,Station-wagon (VehicleInfo),Created- Spawned,Vehicle,80126,0,0,1,0,0
15895,Electric Car 04 (VehicleInfo),Created- Spawned,Vehicle,122646,0,0,0,0,0
15903,Sports-car (VehicleInfo),Created- Spawned,Vehicle,131521,0,0,0,0,0
15907,Sedan (VehicleInfo),Created- Spawned,Vehicle,1142,0,0,2,0,0
15948,hotdog-van (VehicleInfo),Created- Spawned- TransferToTarget- Exporting,Vehicle,140792,3047,735,0,0,0
15969,hotdog-van (VehicleInfo),Created- Spawned- TransferToTarget- Exporting,Vehicle,77064,35192,735,0,0,0
15974,Electric Car 02 (VehicleInfo),Created- Spawned,Vehicle,110358,0,0,1,0,0
16058,Suv (VehicleInfo),Created- Spawned,Vehicle,105566,0,0,0,0,0
16061,Sports-car (VehicleInfo),Created- Spawned,Vehicle,63761,0,0,1,0,0
16122,Sedan (VehicleInfo),Created- Spawned,Vehicle,109022,0,0,1,0,0
16184,Bus (VehicleInfo),Created- Spawned- TransferToTarget,Vehicle,53049,45862,22123,0,0,0
16265,Hatchback (VehicleInfo),Created- Spawned,Vehicle,105054,0,0,0,0,0
16296,Scooter (VehicleInfo),Created- Spawned- Arriving,Vehicle,0,0,0,1,0,0
16298,Scooter (VehicleInfo),Created- Spawned,Vehicle,131206,0,0,3,0,0
16299,Hatchback (VehicleInfo),Created- Spawned,Vehicle,75082,0,0,1,0,0
16300,Sedan (VehicleInfo),Created- Spawned,Vehicle,27022,0,0,1,0,0
16351,Sports-car (VehicleInfo),Created- Spawned,Vehicle,18093,0,0,1,0,0
16369,Suv (VehicleInfo),Created- Spawned,Vehicle,99831,0,0,1,1130,0
